{
  "ratings": {
    "00112-3313491964.png": 933.0609969420491,
    "00113-3313491965.png": 901.676573714346,
    "00114-3313491966.png": 904,
    "00115-3313491967.png": 968,
    "00116-3313491964.png": 1032,
    "00117-3313491965.png": 1034.6703919582533,
    "00118-3313491966.png": 968,
    "00119-3313491967.png": 968,
    "00120-3313491964.png": 1032,
    "00121-3313491965.png": 1032,
    "00122-3313491966.png": 968,
    "00123-3313491967.png": 904,
    "00124-3313491964.png": 1096,
    "00125-3313491965.png": 1032,
    "00126-3313491966.png": 968,
    "00127-3313491967.png": 968,
    "00128-3313491964.png": 968,
    "00129-3313491965.png": 904,
    "00130-3313491966.png": 904,
    "00131-3313491967.png": 1032,
    "00132-3313491964.png": 1032,
    "00133-3313491965.png": 1032,
    "00134-3313491966.png": 968,
    "00135-3313491967.png": 968,
    "00136-3313491964.png": 1096,
    "00137-3313491965.png": 1032,
    "00138-3313491966.png": 968,
    "00139-3313491967.png": 968,
    "00140-3313491964.png": 1032,
    "00141-3313491965.png": 1032,
    "00142-3313491966.png": 968,
    "00143-3313491967.png": 904,
    "00144-3313491964.png": 1096,
    "00145-3313491965.png": 1032,
    "00146-3313491966.png": 1032,
    "00147-3313491967.png": 968,
    "00148-3313491964.png": 1096,
    "00149-3313491965.png": 1032,
    "00150-3313491966.png": 968,
    "00151-3313491967.png": 968,
    "00152-3313491964.png": 968,
    "00153-3313491965.png": 1032,
    "00154-3313491966.png": 936,
    "00155-3313491967.png": 936,
    "00156-3313491964.png": 1032,
    "00157-3313491965.png": 1032,
    "00158-3313491966.png": 1000,
    "00159-3313491967.png": 997.1125178207924,
    "00160-3313491964.png": 1096,
    "00161-3313491965.png": 999.9750689280895,
    "00162-3313491966.png": 1000.2436670848452,
    "00163-3313491967.png": 1000.2706857287342,
    "00164-3313491964.png": 1061.3316826707833,
    "00165-3313491965.png": 1069.6093950162042,
    "00166-3313491966.png": 1064.2457546568237,
    "00167-3313491967.png": 1061.5980341917136
  },
  "matchCount": {
    "00112-3313491964.png": 2,
    "00113-3313491965.png": 5,
    "00114-3313491966.png": 3,
    "00115-3313491967.png": 3,
    "00116-3313491964.png": 3,
    "00117-3313491965.png": 3,
    "00118-3313491966.png": 3,
    "00119-3313491967.png": 3,
    "00120-3313491964.png": 3,
    "00121-3313491965.png": 3,
    "00122-3313491966.png": 3,
    "00123-3313491967.png": 3,
    "00124-3313491964.png": 3,
    "00125-3313491965.png": 3,
    "00126-3313491966.png": 3,
    "00127-3313491967.png": 3,
    "00128-3313491964.png": 3,
    "00129-3313491965.png": 3,
    "00130-3313491966.png": 3,
    "00131-3313491967.png": 3,
    "00132-3313491964.png": 3,
    "00133-3313491965.png": 3,
    "00134-3313491966.png": 3,
    "00135-3313491967.png": 3,
    "00136-3313491964.png": 3,
    "00137-3313491965.png": 3,
    "00138-3313491966.png": 3,
    "00139-3313491967.png": 3,
    "00140-3313491964.png": 3,
    "00141-3313491965.png": 3,
    "00142-3313491966.png": 3,
    "00143-3313491967.png": 3,
    "00144-3313491964.png": 3,
    "00145-3313491965.png": 3,
    "00146-3313491966.png": 3,
    "00147-3313491967.png": 3,
    "00148-3313491964.png": 3,
    "00149-3313491965.png": 3,
    "00150-3313491966.png": 3,
    "00151-3313491967.png": 3,
    "00152-3313491964.png": 3,
    "00153-3313491965.png": 3,
    "00154-3313491966.png": 2,
    "00155-3313491967.png": 2,
    "00156-3313491964.png": 3,
    "00157-3313491965.png": 3,
    "00158-3313491966.png": 2,
    "00159-3313491967.png": 2,
    "00160-3313491964.png": 3,
    "00161-3313491965.png": 2,
    "00162-3313491966.png": 2,
    "00163-3313491967.png": 2,
    "00164-3313491964.png": 2,
    "00165-3313491965.png": 2,
    "00166-3313491966.png": 2,
    "00167-3313491967.png": 2
  },
  "loraModelRatings": {
    "Xayah; blipMix1; 16 16dim; batch size 2; repeats 4; cautious prodigy no d0 no coef; batch2 50 epochs dora+scalar;": {
      "rating": 589.1055588430822,
      "count": 9
    },
    "Xayah; blipMix1; 16 16dim; batch size 2; repeats 4; cautious prodigy no d0 no coef; batch2 50 epochs dora+scalar 3x aug data noise offset 0.05;": {
      "rating": 905.4446523775782,
      "count": 8
    },
    "Xayah; blipMix1; 16 16dim; batch size 2; repeats 4; cautious prodigy no d0 no coef; batch2 50 epochs dora+scalar noise offset 0.05;": {
      "rating": 913.6169168345244,
      "count": 8
    },
    "Xayah; blipMix1; 16 16dim; batch size 4; repeats 4; 50 epochs; elementwise zerod cautious sf adamW; 7e-4 50 epochs;": {
      "rating": 1096.1304932196956,
      "count": 12
    },
    "Xayah; blipMix1; 16 16dim; batch size 4; repeats 4; 50 epochs; elementwise zerod cautious sf adamW; baseline 50 epochs;": {
      "rating": 843.37976874905,
      "count": 12
    },
    "Xayah; blipMix1; 16 16dim; batch size 4; repeats 4; cautious prodigy no d0 no coef; 50 epochs; baseline+fullbf16;": {
      "rating": 1011.2277215888012,
      "count": 12
    },
    "Xayah; blipMix1; 16 16dim; batch size 4; repeats 4; cautious prodigy no d0 no coef; 50 epochs; baseline+mu 0 b 0.75;": {
      "rating": 1052.2545895289745,
      "count": 12
    },
    "Xayah; blipMix1; 16 16dim; batch size 4; repeats 4; cautious prodigy no d0 no coef; 50 epochs; baseline+mu 1.5 b 2.5;": {
      "rating": 952.715704983285,
      "count": 12
    },
    "Xayah; blipMix1; 16 16dim; batch size 4; repeats 4; cautious prodigy no d0 no coef; 50 epochs; baseline+mu 1.5 b 5;": {
      "rating": 1133.7804384516658,
      "count": 12
    },
    "Xayah; blipMix1; 16 16dim; batch size 4; repeats 4; cautious prodigy no d0 no coef; 50 epochs; baseline+mu 1.5 b 10;": {
      "rating": 1126.573398726681,
      "count": 12
    },
    "Xayah; blipMix1; 16 16dim; batch size 4; repeats 4; cautious prodigy no d0 no coef; 50 epochs; baseline+mu 2.5 b 5;": {
      "rating": 908.2534848308461,
      "count": 10
    },
    "Xayah; blipMix1; 16 16dim; batch size 4; repeats 4; cautious prodigy no d0 no coef; 50 epochs; mu 3.5 b 5;": {
      "rating": 1061.309249329841,
      "count": 10
    },
    "Xayah; blipMix1; 16 16dim; batch size 4; repeats 4; cautious prodigy no d0 no coef; 50 epochs; mu 4.2 b 4.2;": {
      "rating": 1048.9602849754451,
      "count": 9
    },
    "Xayah; blipMix1; 16 16dim; batch size 4; repeats 4; cautious prodigy no d0 no coef; 50 epochs;": {
      "rating": 1196.9602810555705,
      "count": 8
    }
  }
}